Query_ID	Target_ID	Optimal_offset	p-value	E-value	q-value	Overlap	Query_consensus	Target_consensus	Orientation
Average_225	PO5F1_MOUSE.H11MO.0.A	2	1.04059e-13	2.26744e-10	4.49491e-10	14	ATTGTTATGCAAAT	CCATTGTTATGCAAAT	+
Average_225	PO5F1_HUMAN.H11MO.0.A	2	3.83532e-13	8.35716e-10	8.28351e-10	14	ATTGTTATGCAAAT	CCTTTGTTATGCAAAT	+
Average_225	NANOG_HUMAN.H11MO.0.A	3	2.4437e-12	5.32483e-09	3.16053e-09	14	ATTGTTATGCAAAT	TCCTTTGTTATGCAAAT	+
Average_225	Pou5f1+Sox2_MA0142.1	1	2.92669e-12	6.37725e-09	3.16053e-09	14	ATTGTTATGCAAAT	CTTTGTTATGCAAAT	+
Average_225	NANOG_MOUSE.H11MO.0.A	3	4.08711e-11	8.90581e-08	3.53093e-08	14	ATTGTTATGCAAAT	TCCTTTGTTATGCAAAT	+
Average_225	POU2F3_POU_1	-5	5.01265e-10	1.09226e-06	2.70658e-07	9	ATTGTTATGCAAAT	TATGCAAAT	+
Average_225	POU5F1B_MA0792.1	-5	5.01265e-10	1.09226e-06	2.70658e-07	9	ATTGTTATGCAAAT	TATGCAAAT	+
Average_225	POU5F1P1_POU_1	-5	5.01265e-10	1.09226e-06	2.70658e-07	9	ATTGTTATGCAAAT	TATGCAAAT	+
Average_225	POU3F4_MA0789.1	-5	2.17801e-08	4.74588e-05	9.40813e-06	9	ATTGTTATGCAAAT	TATGCAAAT	+
Average_225	POU3F4_POU_1	-5	2.17801e-08	4.74588e-05	9.40813e-06	9	ATTGTTATGCAAAT	TATGCAAAT	+
Average_225	Pou2f2.mouse_POU_2	-5	5.29961e-08	0.000115478	2.08111e-05	9	ATTGTTATGCAAAT	TATGCAAAT	+
Average_225	SOX2_MOUSE.H11MO.0.A	3	9.79084e-08	0.000213342	3.52437e-05	13	ATTGTTATGCAAAT	TCCTTTGTTATGCAAA	+
Average_225	PO3F1_HUMAN.H11MO.0.C	1	1.39639e-06	0.00304274	0.00046399	13	ATTGTTATGCAAAT	CATTGTAATGCAAA	+
Average_225	POU2F2_POU_1	-4	1.96511e-06	0.00428198	0.0005659	10	ATTGTTATGCAAAT	ATATGCAAATT	+
Average_225	POU5F1_MA1115.1	-4	1.96511e-06	0.00428198	0.0005659	10	ATTGTTATGCAAAT	ATATGCAAATT	+
Average_225	POU3F1_MA0786.1	-4	1.44942e-05	0.0315828	0.00368288	10	ATTGTTATGCAAAT	TTATGCAAATTA	+
Average_225	POU3F1_POU_1	-4	1.44942e-05	0.0315828	0.00368288	10	ATTGTTATGCAAAT	TTATGCAAATTA	+
Average_225	POU3F2_MA0787.1	-4	1.93899e-05	0.0422506	0.00440824	10	ATTGTTATGCAAAT	TTATGCAAATTA	+
Average_225	POU3F2_POU_2	-4	1.93899e-05	0.0422506	0.00440824	10	ATTGTTATGCAAAT	TTATGCAAATTA	+
Average_225	POU2F1_MA0785.1	-3	3.35368e-05	0.0730767	0.00689836	11	ATTGTTATGCAAAT	AATATGCAAATT	+
Average_225	POU2F1_POU_1	-3	3.35368e-05	0.0730767	0.00689836	11	ATTGTTATGCAAAT	AATATGCAAATT	+
Average_225	PO2F2_HUMAN.H11MO.0.A	-4	4.27039e-05	0.0930517	0.00802015	10	ATTGTTATGCAAAT	ATATGCAAATG	+
Average_225	PO2F2_MOUSE.H11MO.0.B	-4	4.27039e-05	0.0930517	0.00802015	10	ATTGTTATGCAAAT	ATATGCAAATG	+
Average_225	POU2F2_POU_2	1	0.000125395	0.273236	0.0211057	13	ATTGTTATGCAAAT	CATGCATATGCAAA	+
Average_225	POU2F2_MA0507.1	-1	0.000127037	0.276813	0.0211057	13	ATTGTTATGCAAAT	TTCATTTGCATAT	+
Average_225	POU1F1_MA0784.1	-3	0.0002242	0.488531	0.0345876	11	ATTGTTATGCAAAT	AATATGCAAATTAG	+
Average_225	POU1F1_POU_2	-3	0.0002242	0.488531	0.0345876	11	ATTGTTATGCAAAT	AATATGCAAATTAG	+
Average_225	POU3F3_MA0788.1	-3	0.000244624	0.533036	0.0352226	11	ATTGTTATGCAAAT	ATTATGCTAATTT	+
Average_225	POU3F3_POU_1	-3	0.000244624	0.533036	0.0352226	11	ATTGTTATGCAAAT	ATTATGCTAATTT	+
Average_225	POU2F1_POU_2	1	0.000364993	0.795319	0.0508588	13	ATTGTTATGCAAAT	CATGAATATTCATA	+
Average_225	PO2F1_HUMAN.H11MO.0.C	0	0.000479663	1.04519	0.0627864	14	ATTGTTATGCAAAT	AATCGAATGCAAATAA	+
Average_225	PO2F1_MOUSE.H11MO.0.C	0	0.000479663	1.04519	0.0627864	14	ATTGTTATGCAAAT	AATCGAATGCAAATAA	+
Average_225	Pou2f2.mouse_POU_1	1	0.000512491	1.11672	0.0651104	13	ATTGTTATGCAAAT	TATGAATATTCAAA	+
Average_225	POU2F3_POU_2	0	0.000594066	1.29447	0.0707071	12	ATTGTTATGCAAAT	ATGAATATGCAA	+
Average_225	LEF1_HUMAN.H11MO.0.A	3	0.000626317	1.36475	0.0707071	11	ATTGTTATGCAAAT	TCCTTTGATTTGCT	+
Average_225	LEF1_MOUSE.H11MO.0.B	3	0.000626317	1.36475	0.0707071	11	ATTGTTATGCAAAT	TCCTTTGATTTGCT	+
Average_225	POU5F1P1_POU_2	0	0.000638387	1.39105	0.0707071	12	ATTGTTATGCAAAT	ATGAATATGCAA	+
Average_225	POU3F3_POU_3	0	0.000638387	1.39105	0.0707071	12	ATTGTTATGCAAAT	TTGAATATTCAT	-
Average_225	Pou2f3_MA0627.1	-2	0.000765826	1.66873	0.0803405	12	ATTGTTATGCAAAT	TTGTATGCAAATTAGA	+
Average_225	FOXB1_MA0845.1	-5	0.000781161	1.70215	0.0803405	9	ATTGTTATGCAAAT	TATGTAAATAT	+
Average_225	FOXB1_forkhead_3	-5	0.000781161	1.70215	0.0803405	9	ATTGTTATGCAAAT	TATGTAAATAT	+
Average_225	HLF_MOUSE.H11MO.0.C	-3	0.00106461	2.31979	0.104516	11	ATTGTTATGCAAAT	GTTATGCAACA	-
Average_225	LIN54_MA0619.1	-5	0.00117255	2.55498	0.112554	9	ATTGTTATGCAAAT	AATTCAAAT	-
Average_225	PO3F2_MOUSE.H11MO.0.A	3	0.00165757	3.61184	0.144883	13	ATTGTTATGCAAAT	CTCATGCATATGCATA	+
Average_225	Irx3.mouse_homeodomain_1	0	0.00167705	3.65429	0.144883	12	ATTGTTATGCAAAT	TTTGTCATGTAG	-
Average_225	FOXC1_MA0032.2	-5	0.00208859	4.55104	0.167072	9	ATTGTTATGCAAAT	TATGTAAATAT	+
Average_225	FOXC1_forkhead_3	-5	0.00208859	4.55104	0.167072	9	ATTGTTATGCAAAT	TATGTAAATAT	+
Average_225	NFIX_NFI_3	-5	0.00298393	6.50198	0.233699	9	ATTGTTATGCAAAT	AGTGCCAAT	+
Average_225	TEF_bZIP_2	-2	0.00302971	6.60174	0.233699	12	ATTGTTATGCAAAT	TGTTATGTAATA	-
Average_225	PO3F1_MOUSE.H11MO.0.C	3	0.00434246	9.46223	0.328179	13	ATTGTTATGCAAAT	CTCATGAATATTCAAG	+

# Tomtom (Motif Comparison Tool): Version 5.0.1 compiled on Jan 10 2020 at 20:04:56
# The format of this file is described at http://meme-suite.org/doc/tomtom-output-format.html.
# tomtom -no-ssc -oc . -verbosity 1 -text -min-overlap 5 -mi 1 -dist pearson -evalue -thresh 10.0 meme/Average_225.meme /srv/www/kundaje/surag/resources/motif_archetypes/pfm_meme_format/motifs.meme.txt
